{
  "project_info": {
    "project_number": "86107561487",
    "project_id": "partyapp10",
    "storage_bucket": "partyapp10.appspot.com"
  },
  "client": [
    {
      "client_info": {
        "mobilesdk_app_id": "1:86107561487:android:3ccd16d2c9a5c2cbb94d7a",
        "android_client_info": {
          "package_name": "space.yakupov.partyapp10"
        }
      },
      "oauth_client": [
        {
          "client_id": "86107561487-r7m77cnn5n59kpvsgr7s8s3pef1p6rf0.apps.googleusercontent.com",
          "client_type": 3
        }
      ],
      "api_key": [
        {
          "current_key": "AIzaSyCDbmS7VhlyJavcadJXYzfO68aUkQj_9-A"
        }
      ],
      "services": {
        "appinvite_service": {
          "other_platform_oauth_client": [
            {
              "client_id": "86107561487-r7m77cnn5n59kpvsgr7s8s3pef1p6rf0.apps.googleusercontent.com",
              "client_type": 3
            }
          ]
        }
      }
    }
  ],
  "configuration_version": "1"
}